"lat","lon","Sand","Silt","Clay","Slope","Elevation","MAT","MAP","pH","TOC","TN","Acrisols","Alisols","Andosols","Arenosols","Cambisols","Ferralsols","Fluvisols","Gleysols","Lixisols","Luvisols","Nitisols","Plinthosols","Podzols","Regosols","Umbrisols"
"0.0061390694367651445","0.014365038139461614","0.02707918170488951","0.04788084058558092","0.009524658032155398","0.01784777625318264","0.02114389234515879","0.05284626223282596","0.014387820010915034","0.005617977286631005","0.0657195803114513","0.3147194912335118","3.9480777862821445e-05","9.893955466655502e-06","0.0","1.4074754413579786e-05","-0.0022379681472154867","4.687051368777543e-05","-6.153382927465885e-05","6.028851986639809e-05","0.0","0.0","0.0","-0.0004451567572186251","0.0","0.0","0.001391402032655196"
"0.019127486906490302","-0.00045597368698745697","0.022472181542660532","0.0038709674309046565","0.012983804549166282","0.011705817117007038","0.004269013124269664","0.018034260301421294","0.0024619304763489956","-0.0032326952752488756","0.13769042989351837","0.18914147941063905","4.709746321139296e-05","3.5173005462056188e-06","0.0","1.11748633580618e-05","-0.004500974802430562","0.00014932908778404568","0.0","-0.0002042365876127596","0.0","0.0","0.0","-0.00022618550799336778","7.309742496656909e-05","0.0","0.0008780780135271966"
"0.0237051243879088","-0.012241734366072007","0.05773971539772444","-0.005974348168593129","-0.0025961359713185814","-0.0015331087637342829","-0.005483740809111067","0.09656167547371218","0.013804114747845146","-0.0358408122607917","0.05864409893496944","0.28110266305097126","7.748680058078753e-05","-3.173352327004442e-05","0.0","9.848899911609292e-05","0.0021343225066697263","0.00016234309314685594","0.00015950800366129337","0.00010760525726051332","0.0","0.0","0.0","-9.631862241195888e-05","4.491768402443604e-05","0.0","0.0057564623266552015"
"0.013346235386441545","-0.005346647159434301","0.06624396040824392","0.006573324462598265","0.050137378687387636","0.03457879373731041","0.038910667941092776","0.07526652219907906","0.01364071264264877","0.0016159415422425513","0.17226036004403586","0.23222434976162826","-0.00025187449784444353","4.136915994772672e-05","0.0","-5.192237722803639e-06","0.0050380617033158786","4.846457731451e-05","0.0","9.188410613830874e-05","0.0","0.0","0.0","-0.00026667892825195567","0.0","0.0","0.008373193872737867"
"0.01263442658192531","0.018843083124172745","0.0030511573652632815","0.04486386124845823","-0.016903700534734802","0.00270888994347545","0.019393057787973098","0.030636000732107763","0.002344379838611001","0.0028433736858730473","0.012814211317988973","0.390755395868171","-8.86891964287225e-05","1.1840863854325109e-05","0.0","2.712722177862966e-06","0.0027378630566152343","-1.3674769523740656e-05","0.0002734040202174289","-0.0006427159263789266","0.0","0.0","0.0","0.0","0.00040687510290467557","0.0","0.0005797162452277571"
"0.007393571721119983","0.02224120917989553","0.021075377244113378","0.004935800901778889","0.0006403749944995124","0.004986269866173385","0.01895775270550185","0.01258407725530195","0.014127967412149152","-0.001385693199338415","0.049749380264739136","0.4599202978043056","2.2633743372515076e-06","1.4984752981099062e-05","0.0","4.921559220807022e-06","0.0037445884065884266","0.0008791531394398634","0.0","0.0","0.0","0.0","0.0","-3.6552633868979405e-05","0.0009741594388488261","0.0","-0.0005549777464502452"
"0.01811215470465347","0.011440483561516938","-0.0430103137965301","-0.00755638506401626","-0.05621433737505872","-0.013295198799430944","-0.0013159193142764129","-0.005973993176423898","0.007946461208948239","-0.06469055513195149","0.015716536501183744","0.21868998021105315","0.0","-5.075831042484768e-05","0.0","1.012668924875911e-05","1.6712455883274858e-05","0.0014871054463616576","5.6698041539311275e-05","-0.00048378136198089136","0.0","0.0","0.0","0.00028040430880252597","4.5054352267777835e-06","0.0","0.0"
"0.08622233873061974","0.017734716913030666","0.1945106074532773","0.011879669863586118","0.014066655182942948","0.00895788077535738","0.016338642714322765","0.010890374855134052","0.018717820084195754","0.0070887760679713835","0.034406396470019744","0.368082821059825","9.273346266762036e-05","-8.437478313735777e-05","0.0","0.0001544189583788195","0.0022049158315649298","-0.00127381645451236","0.009589597297269773","0.0004052771164030439","0.0","0.0","0.0","-0.00013928469635932731","0.00015127652145996705","0.0","-0.0020664907359570495"
"0.027804097707678766","0.008246444777942997","0.01489152170495095","0.012478984637988244","0.023907452169575925","0.0175612663678464","0.005584183434816231","0.09009704220650079","0.00656508199360232","0.005073595715069162","0.1768809867858869","0.23357878909039786","-0.00034708013865536274","-1.6281143559680283e-05","0.0","-1.4820368025520817e-05","-0.003219530286396537","0.00018773787741936573","0.0001841674832517302","0.0","0.0","0.0","0.0","-6.067027730551437e-05","0.0015870901964214997","0.0","0.001469073479121812"
"0.03311458837206314","-0.002662736881839743","0.08162008076983446","0.006674684087908065","0.07605020112091353","0.0023756570265290405","0.04958920384223885","0.06891869331980675","0.004598821106901294","-0.006414688442507676","0.1749290819153779","0.28672919468116537","-1.740166964757465e-05","0.0001194498893645433","0.0","8.892854119715854e-06","-0.0006110247592914731","4.5408789430073645e-06","0.00033647930184144137","0.0006873956256705931","0.0","0.0","0.0","0.00015306677735711833","0.00018158002868789527","0.0","-0.004898337116304002"
"0.047478193365191025","-0.009757340387623473","0.08548434176783765","0.05447168051755588","0.021346475705271428","-0.03940316425706993","-0.059057702625460486","-0.04080581622961512","0.014911345441070669","-0.062209008380557616","-0.058047694482123","0.1001108359157364","-0.0019229067574146387","0.00010110093165965062","0.0","0.0","-0.008260785278739791","0.00017732869106267072","0.00020798555418488445","-0.00020773977660274354","0.0","0.0","0.0","0.00023076932766539492","0.0","0.0","0.0"
"0.0993029165382295","0.010202436193338058","0.2946851915595712","0.0221002297199408","-0.01921161610064616","-0.019011867552582034","-0.007678234597405278","-0.018483713628646706","0.050131215741718534","0.07720983591250423","-0.031250545516342314","0.5828050066078018","0.0004212214829491116","0.0002473420624339075","0.0","5.564894110760462e-05","0.0012501222913025069","0.000669177971002093","-0.0010828830233973916","0.001485863809695582","0.0","0.0","0.0","0.00042896469326747326","0.0","0.0","0.0"
"0.004213649742300107","-0.01804339803428381","0.05405319474179698","0.005053199915293078","0.02198599479076262","0.013177819614397323","0.0049591913372099995","0.035154196737346356","-0.013135663159266064","0.00626606909278054","0.03421515430837025","0.6762028215438104","-3.2165361198594845e-05","1.0536229065973475e-05","0.0","3.12655551183159e-05","-0.0019104349623606854","-6.285854580435069e-05","0.002159856683998294","0.0","0.0","0.0","0.0","0.0003009493996922935","4.339684168899645e-05","0.0","-0.004780413945131884"
"0.07029379183867092","0.0035480481918145207","0.1164940879230653","0.060533429752662175","0.029721474780093203","0.0024528034021354035","0.005234454136151351","0.009123776600497955","0.03643928029530548","0.04833686948813724","0.026732522386392003","0.5085169205111011","6.650859277885871e-05","-1.053865692983713e-05","0.0","1.18893789403098e-05","0.023205181201668344","2.8022538453066162e-05","0.0015412914058200694","0.0","0.0","0.0","0.0","-0.0001037880635847745","0.0","0.0","0.005971312208186685"
"0.011837493593484686","-0.010653734699019828","0.04961146446212246","0.01789743925236731","0.035474315446119994","-0.012811552382948925","0.024728314483889274","0.0823052687918917","0.018835405433162977","-0.006927886777735632","0.052933333649599935","0.32681759957951734","-6.155626851639487e-05","-0.00010314457640861012","0.0","0.0","-0.003466177262762392","-0.00012387615299076966","0.0019211284481014945","9.128514206362589e-06","0.0","0.0","0.0","0.0004486086697822976","0.0007567580598283043","0.0","0.0024880450440351153"
"0.022306756117714672","0.005238624537002809","0.036348483217593035","-0.001615113782123214","0.03506821658057513","0.0064237088326871295","-0.0028244082746029815","0.03972173591149161","-0.02851366246409106","0.008653208775005384","0.04118509577156096","0.24343713757966903","1.66255895078099e-05","-1.356608867496926e-05","0.0","9.075175164447817e-06","0.006972096669265876","-0.0003648183707887905","0.0004420690393679899","6.974548354913937e-05","0.0","0.0","0.0","-8.462404239036048e-05","8.140348955984663e-05","0.0","-0.02548885510579296"
"0.040639562110370675","-0.006253833570676131","0.07622912280996956","0.022143016072718024","0.023708397842256403","0.008481391065959057","0.01111692643686988","0.04755712160095156","0.002048349668277774","0.014831603687695528","0.10057154723192611","0.49925335290231904","3.403111091507723e-05","0.00024246067120280433","0.0","3.406758087407073e-05","0.0005850014454102788","0.00013551048603349934","0.0","0.0012296202223106233","0.0","0.0","0.0","0.00031062088600143737","0.0","0.0","0.0"
"0.009017780548255796","0.019118003103737884","-0.008746524648852309","0.014249291501583576","-0.013756100558816264","0.009119138490578337","0.026691528569637423","0.08454263750847879","0.0027913372203258206","0.011344132581434943","0.022488504982031938","0.37835928451991274","-0.00013313050526670423","-2.0529457044624983e-06","0.0","2.708329036257377e-05","0.005853569977517669","3.246810704913098e-05","0.0","-6.675615460235244e-05","0.0","0.0","0.0","-3.296136477790035e-06","0.0","0.0","-0.0013129255667545545"
"0.024939924759519894","-0.00262540180977728","0.0929716357414694","0.019873795195622764","0.023092182843578366","0.01979215721115683","0.03602698837546452","0.049971043917774155","-0.0018388015830881972","-0.0029960772926598","0.08029505588119962","0.4403708320157646","-4.5527971083110984e-05","-0.00013729191262100519","0.0","-1.6275762895634482e-05","0.0007651193252862787","5.603892639095368e-05","2.1591282730557917e-06","-4.13885082237044e-05","0.0","0.0","0.0","0.00016695785480575856","0.0","0.0","0.0"
"0.12841075383660872","-0.004206303106493797","0.2062001095063825","0.1766017743791731","0.016081200983530435","-0.009877074650626148","0.004606469965768063","0.0002198896363920705","0.01463003839836337","0.03583085522460558","0.013678821404330792","0.6622616155662678","-1.4791842599947332e-05","-3.503470305570485e-06","0.0","8.345651789098036e-06","-0.001133998711335101","6.484745980425699e-05","0.0","0.0064099851231234715","0.0","0.0","0.0","0.002400970571475419","-0.0004128956966197417","0.0","0.0"
"0.01593723301729868","-0.003167017451745423","0.06541310185842351","0.009060172664722367","0.05977227900905215","-0.004321877775378906","0.03281203866401886","0.025790622225800263","0.0002517013708195542","0.0026360365355912454","0.1716704034017621","0.2580349613700629","-0.00023012117026415996","0.0","0.0","-4.716197733909781e-06","-0.05276805695067222","-4.3139876162367106e-05","-0.00047853948427946104","0.0007261632889869141","0.0","0.0","0.0","0.00035772444759933907","-0.00020523963932559213","0.0","0.0022304138402081167"
"0.015536434250643431","0.007833551878085248","0.03499912923473967","0.03844825315094718","0.037195530624721244","0.008369023987994415","0.013065671586117251","0.10210263468520209","0.012560025060286499","0.027939312611573237","0.16581068141114666","0.2838327356816357","-7.136495472165605e-05","-0.00011156839246925601","0.0","1.5969837145732302e-05","0.0003236804517009769","4.6088577904703404e-05","-0.0003212963947025619","0.00012603297300621633","0.0","0.0","0.0","0.0005263488329408501","0.0","0.0","0.0"
"0.05179703072177969","-0.017691011188046207","0.10994127486470189","-0.013519686921678735","0.017294392508273974","-0.016315879482379676","-0.053551847719903886","-0.05307956606992024","0.03633415590612998","-0.10126358341297434","-0.02799797710336867","0.30985523230636053","3.09409684156825e-05","0.000161553791776937","0.0","-4.350021622528492e-05","0.007591099138544249","0.0007354303578877231","-0.00018684178758652525","0.0","0.0","0.0","0.0","-0.0020744887835463743","-0.00016739804545684578","0.0","0.0"
"0.023504308255852615","-0.0176082107954007","0.05493247015216813","0.004251591650867625","0.028407140541121968","0.012090322753078205","0.03864101708674735","0.069196501642443","0.01779390611456472","0.009214242282797573","0.14319186655719102","0.2715119313503063","-1.110130306325267e-05","0.0002520540795113426","0.0","7.112999032843256e-05","-0.00013114875791955157","0.0003883046800582472","0.0","0.001055852450866975","0.0","0.0","0.0","0.0","0.0","0.0","-0.0026695930992519084"
"0.01069887018358154","-0.015007730708080366","0.05414461477819117","0.003809942114186826","0.04347658182974487","-0.0030251366499065404","0.0034836735532674107","0.040223984085640256","0.01858198857721677","-0.03872219680945426","0.044543744307424464","0.3194517575850536","-0.00010792919317382058","3.518080287901182e-05","0.0","4.270360140203322e-05","-0.018922919838302344","-8.412395134655878e-05","0.0011637386451514012","0.00023238916260245602","0.0","0.0","0.0","0.00022931758326999728","0.0","0.0","-0.0026898657206041927"
"0.013421936788174013","-0.007486749524933958","0.0991979299861315","0.0436429411414665","0.04113119892915147","0.02122916954784578","0.025140698631331483","0.06524655085782673","0.0034743783365663297","0.00994996717379146","0.062490290489738406","0.36740522141908455","-3.671621518201255e-06","-0.00023032019468686716","0.0","4.455561202170074e-05","-0.0024963550526328","0.00015642307462953401","-2.7761912091736618e-05","-5.6766743014673623e-05","0.0","0.0","0.0","0.002613604947807947","0.0","0.0","-0.002470164673712444"
"0.009684340718372634","0.01000870495625028","0.03509825198898221","0.005609668131765357","6.955704714264877e-06","0.0081462794073529","0.023971177991184082","0.0507880203329394","0.01713946983358291","-0.0001850672221177981","0.011727073019763109","0.37062086880235834","4.096371528799677e-05","8.98840080704455e-05","0.0","1.986668662544803e-05","0.006405116998912735","-1.8910635899888986e-05","0.0","-2.9749134700254866e-05","0.0","0.0","0.0","-8.345980946999712e-05","0.0","0.0","-0.003253632884505414"
"0.028078713316099155","-0.005970519233332835","0.07476406446210423","0.022651376632947282","0.02313271431249016","0.0051721859327072345","0.015071242195915886","0.17158034688901727","0.004358525977162179","0.01117997930782804","0.07793551709392298","0.3097501309455782","-6.904858116419758e-05","0.0001536124603464297","0.0","2.440246796340621e-06","-0.0009426881007758468","-7.98692000376633e-06","0.0","-1.5692158143068568e-05","0.0","0.0","0.0","0.0002929245643307765","0.0","0.0","0.005230524584678279"
"-0.004648571514344266","0.00032894109464715233","0.06517197975197647","0.0013508940671442464","0.06455540686720113","0.003815676877506736","0.020230800876676176","0.07261574974492234","0.009226735785778815","0.0016519453303419104","0.15887811753362635","0.255617210349622","2.9872135980722286e-05","5.942377860845653e-05","0.0","4.9488623236717176e-05","0.009012165365365763","-0.000153129930369858","0.0017996366621479013","0.0","0.0","0.0","0.0","0.00010656963241599075","0.0","0.0","0.0"
"0.017973153953903077","-0.006294441221457124","0.06173625169420698","0.019153557403693247","0.021177395801059713","0.011806113893313337","0.0009414803944053566","0.0337021855423417","0.012274764916778307","-0.002533534041192977","0.10905048576602908","0.33420268607972176","6.257915629396907e-05","-3.6464137833146686e-05","0.0","-4.02492148295445e-06","-0.03465813517298361","-0.00015556134100729683","-3.985957588061399e-05","3.893577069459438e-05","0.0","0.0","0.0","0.000504431180376146","-4.912569604260489e-06","0.0","0.007085822121367173"
"0.05947765163052936","-0.011776797757501348","0.05299601191817043","-0.003891098202945863","0.0031560222654492044","-0.011225760565256175","-0.008860060850251513","0.08849002953663586","0.02110073891659057","-0.06058476726049154","-0.03216498570243451","0.266226065625079","-1.7750857793460047e-05","-2.5547377441897945e-05","0.0","0.0","-0.0014079847369710982","0.00043570658264616055","0.00015445194274810541","2.856434715876229e-05","0.0","0.0","0.0","6.957934713461103e-05","0.0","0.0","-0.0031076536776819107"
"0.0046634753487796304","-0.012613225671635841","0.19591646397512938","0.025125734465950244","0.07847478614742978","-0.07505203868008103","-0.3717242885879403","-0.27796583024342814","-0.11167335240108586","-0.03527061785942542","-0.3109117442514894","0.18301032604822826","5.85798385050675e-05","0.000217095821483157","0.0","3.0770417894663655e-05","0.0075931579784961015","-0.0018601050796455446","-0.0003102418177367672","0.0008008326202457191","0.0","0.0","0.0","-0.0006036070925968418","-0.0020146476870579067","0.0","-0.050876124750510364"
"0.00139053207939549","0.013769474179487788","0.0076092993426832125","0.04646921515443562","-0.010125597363703965","0.013727882549941022","0.033960753991392346","0.09700674181708659","0.002142005772999155","-0.004679970065748977","0.038592403379998676","0.2912728176517064","0.0","1.6575051070399916e-05","0.0","7.644272959043037e-05","-0.004388943214381718","7.038876461436712e-07","0.0","2.0307291573200734e-05","0.0","0.0","0.0","-0.0001532987338337714","0.0009206185885840092","0.0","0.0"
"0.02027299752841052","0.003698545390958901","0.04233904117224625","0.030942081446339437","0.03907875434141785","0.002867389690914118","0.015203268614542551","0.019337888226849346","0.012894210968137376","0.012406776723985638","0.192288096940437","0.33194224961789387","-2.2887621015039532e-05","0.00015394268400006813","0.0","1.348791269904966e-05","-0.001714372882478855","3.540951006849776e-05","-0.0001510519609579819","0.00022392081017353442","0.0","0.0","0.0","0.0003200560888991187","0.0","0.0","0.011457736522731203"
"0.007043675107960068","0.0016126390235752601","0.09799518638315113","-0.0007878558435242026","0.038842272142581506","-0.0062038325923883765","0.03502525099344981","0.046567229484257754","0.000600014451376682","0.012488171496238102","0.25757718760984455","0.09911906264096139","9.564146551153489e-05","-0.00015639813652585933","0.0","8.744696936871522e-06","-0.0012081387847249039","3.471099899401882e-05","0.0","-3.141283549497794e-05","0.0","0.0","0.0","-0.0003799383569700933","-9.990967117419202e-05","0.0","-0.0007857645754018335"
"0.014939128074403951","-0.028466306499847938","0.10350688697920557","0.010552010304135266","0.0660123595566189","-0.006002052411913717","0.03976725299047111","0.008000664115041406","-0.0016585596299703927","-0.004296629662101518","0.17634724870779991","0.3698551851228212","8.308458139553166e-05","1.717571964631459e-05","0.0","6.199516688198126e-05","-0.005694001491275896","-0.00014324435147335576","-0.0004193703957925713","1.911212472644567e-05","0.0","0.0","0.0","4.8369906862681206e-05","0.0","0.0","0.0011572327359023083"
"0.008572518943495503","-0.016679507358314145","0.13359307793097222","-0.05037823625520824","0.03981315799451887","-0.017463007610204487","-0.06338682972837276","-0.021857102792404142","-0.046986252361249","0.00958705492353935","-0.09788035605486516","0.18107692110348383","0.00022842993119156127","0.00012448564140165596","0.0","9.349836247450154e-05","0.007079261521913118","0.00017540591587839605","0.00021589606693455757","0.0","0.0","0.0","0.0","-0.0001242214539867605","-1.0045479612493431e-07","0.0","-0.038490236673573576"
"0.016206204312750116","-0.026184375255808693","0.047382041407749514","-0.00820862648212982","-0.0029268423957708447","-0.027565031695588677","-0.01767390969780974","0.031097679874682968","-0.0002191669369551415","-0.10677582548852002","-0.05946227042477987","0.09842005842096653","9.867851563665671e-05","-2.0790164061960474e-06","0.0","-0.00017433173345751674","-0.03854262360597093","-0.00011531660850448988","0.0001863508685751719","-8.796366652554417e-05","0.0","0.0","0.0","0.0007165675074715291","0.0","0.0","0.0"
"0.022372094388173936","0.00619358782569919","0.047714150436246945","0.012647124436939472","0.038853579435929","0.0029525914640702255","0.017640650959817705","0.04703851471195761","0.006809635012664016","0.013592322485171886","0.17365914550420428","0.3837350582721068","2.4186568996202123e-05","6.0835385484077814e-05","0.0","0.00011009209835737462","0.0060448432447035095","0.00037552501308378745","0.0","0.0005975469419974196","0.0","0.0","0.0","-0.0006754800745291269","0.0","0.0","0.0"
"0.01845020926770835","0.001248710797035161","0.08831203923221034","0.02720710659635332","0.0172796982152923","-0.007451120485451089","-0.004365866449297119","0.01056815539115005","0.0023024873988594817","-0.045935146155668266","0.029014223382203497","0.2671859355350217","0.00025873662380496897","0.0001554392693229702","0.0","2.1381461302435088e-05","-0.004579905251156928","0.00012110753616389192","-0.00014648562409881697","0.0","0.0","0.0","0.0","0.0007505272656560776","0.0","0.0","0.0"
"0.039329360075354855","0.007412385724121776","0.08998804634734485","0.015706140446276613","-0.007834113849074082","-0.000707589786937123","0.012955767470805476","0.021787268794679716","0.010583685417050874","0.0032442118323364392","0.032123693733304134","0.608966206342362","-6.572117580402789e-05","0.0001497868612848859","0.0","0.00010389322783812642","-0.00038250841942389274","0.00028035826760279363","0.002837852292698977","0.00045136885696643223","0.0","0.0","0.0","-8.273811363534444e-05","0.001080782118409133","0.0","0.0003751048468231914"
"0.021090696465321235","-0.00017850796037954345","0.13451792390763356","0.03549600168947144","0.019262774554870663","0.000906977843096135","0.01670663007521437","0.06359231672453763","-0.006103825237038774","0.019706956524195185","0.0409257956318181","0.6784576776754262","-1.761945564917322e-05","-3.124717489131716e-06","0.0","-0.00027391869652559165","0.002452489445929974","1.8374318611655282e-05","0.0","0.0004073399886406981","0.0","0.0","0.0","0.001356951887611014","-0.00032446902767590733","0.0","-0.0018157886493164789"
"0.0076242853261248664","0.010517669134696202","-0.010921108196879574","0.0074267765413","0.007880431415798398","0.008813535195194311","0.018510440578663724","0.056976770085868884","0.01712923265048968","0.014932627575263872","0.06320501861107246","0.35961149961126965","1.1775718423321738e-06","2.4600190945633e-05","0.0","4.6397237240046e-06","-1.897964800419612e-05","1.6545178515320335e-06","0.0","0.0","0.0","0.0","0.0","-0.00018676867964014706","0.0001655064998161158","0.0","0.0"
"-0.004028409977884409","-0.02849286029948097","0.037373199504242366","0.01361756602683446","0.009638576406288176","0.01680998881128744","0.007611196182699078","0.015404800356310092","0.0017425337150165042","0.004665203524625481","0.03033330038887597","0.44378475748426666","-7.902036372054814e-06","2.0748677535598984e-05","0.0","0.0","0.006971397577920434","-0.0002144650621580905","0.0010788317452311402","0.0","0.0","0.0","0.0","0.0004241963779296846","0.0","0.0","0.002347731329709273"
"0.0054606707681157","0.004858335963111924","0.08777850281353343","0.0006267177516818535","0.02728482952130523","0.009961036481191362","0.030184376804593255","0.0264295366118384","0.004162684852984836","0.004281885282752325","0.11582424257745053","0.373638280696731","5.612176793171978e-06","0.0002144568213177785","0.0","4.406497051123448e-05","-0.0008213481035101953","4.1798161852181955e-05","-0.0002164460155980467","-3.114104494558456e-05","0.0","0.0","0.0","0.0005703182772937604","0.0006575651563254755","0.0","-0.001262353938736946"
"0.030129144002745918","-0.008123538892402728","0.20011436881379777","0.031655349914389244","0.04655767367988799","0.0026017104309716977","-0.010701645886782756","0.009900885936832238","-0.005096690208408849","0.03325564696376612","-0.002913647635894784","0.4599159530576769","-0.00020331556354927967","-4.954341451511394e-05","0.0","7.180774395915505e-05","-0.0001022296355507879","0.00023839025805943436","0.0002143121044675326","0.00021200743293481965","0.0","0.0","0.0","0.000725168889902437","0.0","0.0","-0.009559081208093023"
"0.008733229144900682","0.012498397039057125","0.032126428591353805","0.014788064686704842","0.009388894877102568","-0.005322975401714724","0.0324586918503248","0.011375731547360053","0.011540370129773624","-0.006437160712518555","0.10083145634078342","0.4862029283313489","4.0326155853747286e-05","-1.0434951198454168e-05","0.0","8.313370862154483e-06","0.0024389373930007565","8.805436755992639e-05","0.0","0.00013771546137846072","0.0","0.0","0.0","-2.5341914222630952e-05","0.000991680336918969","0.0","0.0013174439993638505"
"0.013129767133247707","0.009765547720290731","0.018774059718550676","0.03516260658471949","-0.0004157865733602153","0.010552461918109778","0.041688399729233334","0.028586590287988326","0.006208378223405773","0.01032000673669417","0.008437104650719278","0.3851428929224927","-1.4490595560403182e-05","0.0","0.0","2.199781086433446e-06","0.00655548809162997","0.0008660181482076774","0.0","-0.000331164928396375","0.0","0.0","0.0","0.00011364017861696385","0.0015666482100027282","0.0","0.001369737450397037"
"0.015968765892253888","-0.028151429890522908","0.17895046328742897","-0.008421840839686494","0.08681122374384993","-0.000951884772738056","0.017128683754792335","0.09161250796350474","0.005396720285147252","0.014291001385244634","0.0005048077357300442","0.4865346628354645","8.699065017794087e-05","0.0003277839436807826","0.0","9.229310043256296e-05","-0.015975989010413076","-0.00012739975836728774","0.0019960543955218706","0.0","0.0","0.0","0.0","0.0006623942422825055","0.0","0.0","-0.002575987696874807"
"0.3613474770240208","0.018036781401978407","0.77421387650861","0.037200135720896824","0.03944615559649462","-0.014952225400397335","0.051229934949038956","-0.033077500225918606","0.04686183439333179","0.1266959608102884","0.015204755720162545","0.6119378949575107","-0.0004380521053988562","-0.0014300759265352672","0.0","0.0","0.004007479110555246","0.002179465496830473","0.0","4.503008739882205e-05","0.0","0.0","0.0","0.012800272285100327","-0.001440537763517513","0.0","0.0"
"0.015713396304139735","0.002615663212337806","-0.02896978513286924","0.00878032006318685","0.020348385391368642","0.005918142836664448","0.013368543041022715","0.09592525241813114","0.02619742949263437","0.0038288262640252028","0.10018796003438138","0.3180763435818979","7.153929565434925e-05","3.28403460092358e-05","0.0","0.0","0.0033965441826937764","-6.517400604241774e-06","-0.00045544446633076036","9.813431745138157e-05","0.0","0.0","0.0","-8.31694605555285e-05","0.00023521375518467205","0.0","0.0"
"0.026790229569188452","-0.0033400061337011","0.056235730148294645","-0.017648133668290395","0.0375715190223529","0.01249088246259853","0.03805220216676074","0.08274042315912525","0.0035400059263491148","0.000862318987236276","0.08352692864823506","0.28764974736845317","5.549569608816658e-06","0.00010589917775076785","0.0","-0.00011367952388442459","-0.0002396516620670197","2.364600673425791e-05","0.0012997830384767401","8.769662689865158e-06","0.0","0.0","0.0","9.583698812841435e-05","0.00010031498953833318","0.0","0.0004711695467344392"
"0.027743531925650437","0.0012031777449619742","0.05504313058263603","0.02705966311630698","0.01529715631629592","0.007881653653036854","0.016714832418280298","0.1627706436985952","0.013345485113876914","0.005325881310025232","0.018224516837253197","0.4738440411886966","4.3996961883080446e-05","3.454379398434108e-05","0.0","-6.615015101375336e-06","0.002054876337483888","-1.531806796555013e-05","0.00033785204912116046","0.00011963673103341233","0.0","0.0","0.0","0.0004075583024229945","0.00012901401019407843","0.0","-0.002140854690447668"
"0.07143343734925704","0.020291248789817466","0.4720624982820797","0.050853928254898526","0.139705451548384","-0.030946138993793303","0.013059477866010782","-0.058130112546087354","0.0551433701909869","0.021423932285259736","-0.01307896851408088","0.38255810943699875","-0.0007279006897630243","3.1808944685718375e-05","0.0","-0.00024597205526300886","-0.06328566750719772","-0.00016994514024203192","0.0","0.0012606998015550041","0.0","0.0","0.0","0.0013388831810833585","0.0","0.0","0.0"
"0.026596284190209065","0.0028173405265952568","-0.03939464358954462","-0.0020884710111324636","-0.029284282148647978","-0.008160915209893873","-0.015527683444989589","-0.020333269444628953","0.061412129210794114","-0.06758720012162846","-0.006497903417229605","0.3793948059064931","0.00013670755524938146","0.00012550780287137465","0.0","-0.00019403935810010005","-0.00828194223365775","3.857174099793729e-05","-4.144072345876881e-05","-9.938075186160892e-05","0.0","0.0","0.0","-0.0005183326320087417","0.0","0.0","0.0"
"0.08987573050173084","0.018192738363381263","0.20533738778059693","0.004415470487566033","0.061776996657393175","-0.004933005156570326","-0.00362503541527828","-0.010879094985818011","0.03359623242603694","0.018765999781127727","0.025644446523097355","0.7691230480961024","-0.00013561397280253406","9.934522210701032e-05","0.0","0.0","0.010626280121770856","0.00015365803522110293","0.0","3.8632078174748635e-05","0.0","0.0","0.0","-0.00018516681819046865","0.0","0.0","-0.007468671126819092"
"0.01653349886035509","0.008343506082536234","0.06057305094091783","-0.002547108455015226","0.03127224681431839","0.0007219899591144857","0.03774002829355809","0.09266785381690568","0.010312985220960228","0.02364630772381503","0.08135553220053694","0.4691105628699566","0.00018203005762754503","7.603389370329967e-05","0.0","-4.249908256599248e-06","0.00036576543972313875","5.67871414418127e-05","0.0","0.0","0.0","0.0","0.0","-0.00014900933311934593","0.0007345227039756245","0.0","-0.001787566710224588"
"0.00039068677802439427","0.015521714086194167","0.04795521907088155","0.024663503128442177","0.010902997265232727","-0.0030334614499484915","0.0125080146664733","0.017627118392190104","-0.006015066665964073","0.0023593825383372616","0.07669238843944211","0.3567404694079683","4.774889118506857e-05","8.704456892427344e-05","0.0","0.0","0.01599188450938174","7.105474679200511e-05","-1.1831364879304658e-05","0.0","0.0","0.0","0.0","0.00035376769931005914","0.00021113744317531418","0.0","-0.00028551786582815076"
"0.016996681696211758","0.013252165468243612","0.04574595335679706","0.01157146083862978","0.050548810170712714","0.0012146135838120796","9.872944067016813e-06","0.045457458365397024","-0.0281721407229962","0.005954653446286775","0.04800039970700949","0.29403714978491907","3.397112258513209e-05","7.854417875066318e-05","0.0","-5.378928378294197e-05","-0.005066291681842663","-0.0003473012044834143","0.001086471220331157","-8.191409769652454e-05","0.0","0.0","0.0","-0.00019473986182267275","0.0","0.0","-0.028221476326844727"
"0.03467241029571646","-0.010482249661216367","0.07288852474581001","0.0036333566519328757","-0.004144695989723234","-0.0048667812628954855","-0.02664928324988649","0.01405841852508896","0.006770634861986221","-0.055188899637174084","-0.0010006827515173992","0.3963118690518229","7.866354400358026e-06","9.923329572761319e-06","0.0","0.0","-0.002517990483219379","-0.00010331766916902851","-0.0001933091375353302","0.0","0.0","0.0","0.0","0.0009574057258603275","-0.0005987055746761088","0.0","-0.002998515417492746"
"0.061689521126839654","0.0008830227714745167","0.223642865771177","-0.0159680053228883","0.06690953319438143","-0.011002195273730713","-0.004794078170136198","-0.009688441073765071","0.041019787321979514","0.008062000048040077","-0.05991637592221023","0.476480167235025","-0.00026533280408966206","-2.2780833657386666e-05","0.0","-0.0002136811413823797","0.002148793047454815","0.00015719825951671928","0.0","0.0010040967653494408","0.0","0.0","0.0","0.0018695869988263512","-0.0008059316497411197","0.0","0.0"
"0.021981544682204483","-0.008212389742115874","0.010703466877738106","0.03151461682752109","0.03866889812271574","0.008377910786613457","0.014717543268879097","0.1359346465767065","0.0015175584350979414","0.005053894076829","0.11663463149955942","0.2771136113198553","1.4649263826077563e-05","-0.0005086708345583169","0.0","1.643140523943931e-05","0.00023704431267756453","7.053190931122592e-05","1.7645819297732826e-06","0.0011292923174418","0.0","0.0","0.0","9.4940213222842e-05","0.0","0.0","0.0"
"0.007416214243510577","0.000553182405411771","-0.02546165416433155","0.008555480697308084","0.0002955150046100539","0.018276193874716632","0.01032604573815837","0.10721574975518612","0.005420146084073921","0.0059728250376100715","0.02126607409176023","0.2815846404418148","-3.3962108980031824e-05","1.4999631369338092e-05","0.0","1.768693469296941e-06","0.006405455115735203","3.5332003862339105e-05","3.590811066445006e-05","1.3586108520111107e-05","0.0","0.0","0.0","-6.345416789175958e-05","0.00022280374369410919","0.0","-0.00041376447749006767"
"0.024283687831888178","0.02163723640143172","0.06932115742055146","0.0020591647565918127","-0.02391856570652219","0.001989173474409588","0.0063723981212800845","0.02071547566232914","0.033809200443573335","0.012802143074699658","0.07983739215886461","0.43738555400304324","0.00039505626328900737","0.0004122424593969609","0.0","5.469643364175529e-05","0.008569826265006233","0.00027856278702650115","-0.0002615607200861421","0.0009830093760470374","0.0","0.0","0.0","4.616386732963866e-05","0.0","0.0","0.0"
"-0.008561889803093333","-0.0038441578364640876","0.06550254547856384","-0.00489668813770287","-0.003900767635047306","-0.02385265663201405","-0.06729729469769004","-0.05234987286403119","0.013079373249206922","-0.021885281649828055","-0.015345007898939719","0.44236021519881147","-4.969109978777049e-06","0.0002580575293391655","0.0","2.0822795897113e-05","0.009566569075868473","5.983647469806341e-05","0.0","2.5381784417975266e-06","0.0","0.0","0.0","-0.0006302810405312627","0.0006066925738955083","0.0","-0.013728104427620975"
"0.005215342807194966","0.019313132897228788","0.02665125607753654","0.016132711663229323","0.022381907980641644","0.022716660652740823","0.0016693255980645796","0.05991382876559242","0.012167103698110407","-0.00020496580125865156","0.05490820459874645","0.4685353678487148","-7.039594226471157e-06","-1.3851957059807241e-05","0.0","1.7404497739408515e-05","0.003053695140645014","4.935372602198526e-06","0.0005663214035408953","0.0","0.0","0.0","0.0","-0.0003780185692302725","0.0","0.0","-0.002544943351142844"
"0.0637724883043717","0.00869758552286503","0.2745169566424966","0.06289657842575674","0.07015025653601349","0.002602970395009892","0.012034524171442717","-0.009682365589961942","0.009089843687361258","0.0039265675475819274","0.0440587210051064","0.5554292874877688","0.0007889167232139681","0.00018903946132309743","0.0","2.236798485348209e-05","-0.0001350480361636273","0.00013830529656885896","0.0","0.0","0.0","0.0","0.0","0.0010254807201349424","0.0","0.0","-0.007203749676839331"
"0.015745636999343577","0.02471942818003133","0.08042217132019396","0.034477055653302814","0.01446119073604064","0.0007328775388510113","0.005386211003784365","0.04009964691075663","0.0022863051310153325","0.016072049522162325","0.13182240082714136","0.3642130083060349","-8.574068765097494e-05","-1.077620262718663e-05","0.0","2.286859245210863e-05","0.004209574225796564","0.00013315519840874368","0.0","0.00047714703491575917","0.0","0.0","0.0","0.00021613450477560674","0.0","0.0","0.0"
"0.01698539152269155","-0.02216705216726218","0.05979962981000648","0.01829323819125634","0.06070642380614181","-0.004600616529790703","0.04524157317528916","0.05414331475617681","0.004437468962850361","0.011479662498621736","0.19342801995256292","0.3763560524790342","5.032023164188715e-05","-1.7278652704783017e-05","0.0","8.787912069184907e-05","-0.0007049864568474044","2.1966283728154973e-05","0.0","9.031493696007865e-05","0.0","0.0","0.0","0.0002576395543075566","0.0011884119673595242","0.0","-0.0009181630600196694"
"0.051597581054176306","-0.004417355453031412","0.1006383820804942","0.008105342255729488","0.033765157533580475","0.0032616985168679143","0.016317926430318184","0.14137395052394897","0.005648576075067847","0.009640935983003304","0.05844008982891843","0.4183803935979904","-0.00046923709043658336","-0.0001865907792569584","0.0","-0.00015175226409154158","-0.00032745169398091986","-0.0001172259108985015","0.0008801006405228656","2.6928915375977932e-05","0.0","0.0","0.0","0.0009694229738536416","0.0","0.0","0.0"
"0.03969808765766043","0.006815165750425132","0.18174160011611906","0.00585457226466302","0.06222693735874277","-0.0028950302910725452","0.0040312077361994774","-0.016400343134472983","0.012789865022202966","0.06078389496605827","-0.0024889793376503635","0.8304996455919438","0.0005399569984279577","-0.0007981980554480101","0.0","0.00021856085985070458","0.001986484642068151","0.00027052509878928527","0.0015161630388679458","0.007312013168960352","0.0","0.0","0.0","0.00139334137338607","0.0","0.0","-0.0028385071028478813"
"0.01572574987100343","-0.004935632190386659","-0.017145036680319546","-0.00858427439955057","-0.007968043975960088","0.005507992201523431","0.010751614940729532","0.11359998155902162","0.008577840008001391","0.00811947229541209","0.03591552892835813","0.2551195025782793","-6.070429609128884e-05","4.6258072993795216e-05","0.0","0.0","0.0012025905768041948","-1.6677563380667245e-05","0.001716487333216309","0.0007154491541657426","0.0","0.0","0.0","-0.00010486677775628783","0.0","0.0","-0.001566814662084238"
"0.024097097069501982","-0.010268576959211108","0.051567101312541594","0.017683705325282968","0.05810378275088184","0.010981523364963053","0.014752824530430895","0.09036116019669824","0.0042031972450155535","0.01482486235828139","0.15418448914502583","0.3282197193062435","-8.59628120174936e-05","2.4699331356770973e-05","0.0","-4.952547767932599e-06","-0.002361712159062231","-4.188282494509976e-05","3.493573017700757e-05","0.00019464396866297935","0.0","0.0","0.0","0.00022536408079032179","0.0","0.0","-0.0027366575367583023"
"0.08368850957840628","0.07236983991190786","0.2947602324011782","0.05092808715951744","0.04276032839463174","0.005044363081800166","0.00891883801715487","0.008075621389744051","0.02437475398857834","0.04323709205642238","-0.05258133259499319","0.6231766665470242","0.0015819391444326953","0.0003921034246776543","0.0","0.00020985519507101997","0.01395194613129979","-9.723329973205704e-05","-0.00035645436206502474","0.0011825973420676586","0.0","0.0","0.0","-0.00019313347639441554","0.0","0.0","0.0"
"0.027654508115181775","0.008673351130843198","0.053068729854119374","0.004090859319419914","0.043811004358324204","-0.009492944453490198","0.026954389014478962","0.10163932090275994","0.00675916571145371","0.0015970916061126114","0.15521826468035974","0.2936103677163494","-0.00016940998810814438","-0.00010555059934254188","0.0","5.292487926673676e-05","-0.009447134381114908","0.00013512292465984362","-4.508039368708768e-05","0.00019045363969863913","0.0","0.0","0.0","-0.0005371251216791116","0.0017840720872120963","0.0","-0.0035458207200001063"
"0.019665391817796068","0.01669745521309024","0.0448234770626851","-0.001089974777669538","0.00930807578226676","0.02517708923051783","0.01205806746231336","0.06431469952584266","0.0016800163898237352","0.043822421515448205","0.049743515051203585","0.3937279507273884","-8.920394097214346e-06","-1.1306766890177104e-05","0.0","2.510784119308847e-05","-0.0033376022694841783","0.00024983521442876837","0.00016321842959351","0.0","0.0","0.0","0.0","1.7709503797784983e-05","0.00023536449667611406","0.0","0.0"
"0.013777736693262155","-0.0044844748598265516","-0.011853536458735481","-0.015092584882523874","-0.013267402066706957","-0.0067247973471032795","0.004706289263659369","0.0024259379245332603","-0.002099260766201828","0.0005907095134221432","0.2080667165382775","0.144481438618004","-0.00015230234853033376","6.0127784035059656e-05","0.0","0.00010573758402726841","0.011635862938449364","0.00011181591560158188","-0.0017946476811581623","-0.00039988857808858356","0.0","0.0","0.0","-0.0007807497279043313","0.0","0.0","-0.002172079458563303"
"0.02710806227294899","0.003667149727744485","0.06767975429529145","0.015356573283728386","0.03359524034607248","0.014817512629022377","0.01984899782596073","0.029788571180411304","0.002866448646097905","0.02356987912432614","0.1412731465641953","0.4065331992552842","2.9293061479321314e-05","0.00018646782040190787","0.0","1.1299206415526137e-05","-7.726557273905662e-05","0.0010564218965968097","0.0016488087624760802","8.732319044594908e-05","0.0","0.0","0.0","0.00033631522069629827","0.0","0.0","0.0"
"0.015798084540036353","0.005842150143963135","-0.025124622163534296","-0.01719920684459093","-0.03269822525818082","-0.007680621301338256","0.0001039985087194791","0.09301615306973332","0.024090428893968896","-0.05956935888460739","-0.007578439746720272","0.31970107508773266","1.4331651992044447e-05","5.67010298497909e-05","0.0","-1.9074971015627567e-06","-0.0009571202650890472","0.0010758796230437814","0.0","-7.841229878946254e-05","0.0","0.0","0.0","-2.92665986294377e-05","0.0003442697094970452","0.0","0.0"
"0.036960590408905654","-0.0018777134345672305","0.12309188225627325","0.01367026264206738","0.006217150891009988","-0.006476669975626629","-0.036275318947165534","-0.011311985079529201","0.014797569669132475","-0.05352461658419248","0.05003675067679269","0.23455169561154482","6.230308430964226e-05","0.00011941033931835894","0.0","2.509959426823712e-06","0.0025383897154431846","-0.00023741347307080127","0.0","-0.00010817114985671542","0.0","0.0","0.0","1.7504175163518544e-05","0.0","0.0","0.006467495794882647"
"0.014693675337680867","-0.018413697000147656","0.02651222854525858","0.00813016944401913","0.048848478156923426","-0.012905127389532237","0.024884653497828684","0.05340944701461215","0.025310821256925346","0.007209323343312756","0.13746805892543684","0.3226038832126101","0.000269855056726546","-9.96991458932404e-05","0.0","1.3183088453351994e-05","0.0022583338838850302","-6.809430553825583e-05","0.00012389033295088782","-2.172233642540785e-06","0.0","0.0","0.0","-4.4054693247735e-05","0.0","0.0","-0.001117971328762791"
"0.015441858235002904","0.005474782333679159","0.05909653629481236","0.006673420802787726","0.010065703524528572","0.04073942002322949","-0.00028667312332537334","0.07156686963313867","-0.006988730694030142","0.010730196729404","0.12198867573594112","0.3025161213989706","-1.061792126470414e-05","6.357979213599355e-05","0.0","2.5725347143087014e-06","-0.0029462337708902626","1.1231712335893484e-05","0.0","7.708928579240974e-05","0.0","0.0","0.0","6.783242516320472e-05","0.00020965030133682135","0.0","0.003552830899363891"
"0.08837168227812543","0.005737812682434322","0.11484334504759898","0.018943123138066054","0.03930442748920993","0.004685434688905612","0.011246227178541752","0.03415527374207743","0.04335712161575695","0.031469137819017924","0.0059186725808594975","0.35899448085020136","0.0009311605908693242","0.00016064316039527497","0.0","0.00016461513046459134","0.0021115978142915975","0.0015577474728207632","0.0","0.0001880607647135583","0.0","0.0","0.0","-0.00018543909747065305","0.0","0.0","0.0"
"-0.009907204053806958","-0.006597355262297346","0.1807129750926305","-0.009090855167261712","0.10240349133209872","-0.05575032776844382","-0.08549674054702497","-0.016879278913965703","-0.12429558186074934","0.00036665624183974027","-0.1033407500611833","0.01758454085289424","8.51086505647127e-05","-0.0008812714893145714","0.0","-2.9362402887734653e-05","0.004177763786763453","0.0002540022388499976","0.0","0.0006158399712903486","0.0","0.0","0.0","1.798715746304987e-05","0.0","0.0","-0.0006110343078340037"
"0.006547973696519661","0.001752300372321977","0.06190107527529416","0.014799277190816395","0.04947793458369425","-0.003023209257954277","-0.022662751596026813","-0.00250560051621155","-0.04794788727788537","-0.010606383971926099","0.08741137980744788","0.17545337895762206","-0.00018845242726229784","0.00014584179593500797","0.0","-2.7416648734572094e-05","-0.0038631756473968605","6.446600347479644e-05","-0.0006344649523855152","0.0006264267323574333","0.0","0.0","0.0","1.997629630140866e-05","0.0","0.0","-0.025876166478476997"
"0.01605899539098326","-0.005144423594782797","0.037615169985418744","0.01926029655413174","0.050821128081283924","-0.0036974966877836098","0.043138573041961156","0.043266064708142975","0.012861167029666805","0.011473449913228366","0.1706804933065312","0.31296106544769164","3.013110764125045e-05","-7.281576042096801e-05","0.0","0.0","-0.0012804465246050666","-2.6144807193933157e-05","0.0","0.0001661436807279528","0.0","0.0","0.0","-0.00034460215669938345","0.00014561707820791303","0.0","0.00015253836693133552"
"0.03791133381544625","0.0072766301167241886","-0.009943495118909861","0.00558996859479206","0.002825261219295196","0.0004960028794724892","0.01167791677660767","0.1628955830977468","0.015373854817833647","0.018067254081843974","0.028731804160447023","0.3475188036826199","-1.3762249587527993e-05","-3.895600011913451e-05","0.0","5.2055161193030144e-05","0.013130147963067695","-7.533204914113578e-05","0.00043992471467042366","0.0","0.0","0.0","0.0","-0.00023237615477040007","0.0","0.0","0.0"
"0.003900808440883118","0.019662852412448202","0.03191659394079667","0.02926415132915406","0.03942510709148405","0.01569009668516319","0.026574387034777155","0.05753029124771423","0.010305184035130973","0.0057204579122660144","0.238324068830319","0.24755517790490647","8.081058051162548e-06","8.97416973063105e-05","0.0","-3.4798553775460446e-05","-0.0021061563494450745","2.2737652853590157e-06","9.680939300423612e-05","0.0","0.0","0.0","0.0","0.00012002378445042649","0.0","0.0","0.0"
"0.03206983124136437","0.005265078867771364","0.06393709337576325","-0.00388624594749911","0.052921771189629534","0.0179125059779308","0.025039755891112316","0.022661755839162294","0.003216816686508402","0.004594628684326428","0.20387247242896592","0.24725678564803868","3.655977049927909e-05","-3.4637325554309763e-06","0.0","1.0709422497718706e-05","0.0015646487008816796","-4.379669264212294e-06","-0.0006012988558512298","-0.00029017416010638695","0.0","0.0","0.0","0.00017417465581568982","0.0","0.0","0.0004895268120440582"
"0.0316670391699962","0.0033068545659844426","0.043422879260680246","0.012662120660421494","0.044250977585851406","0.004185238921766076","0.016339627855682062","0.10360214888173754","0.024469696153811227","0.020758210547888557","0.09097460705153247","0.2662514040238851","-0.00024162780716096657","6.78730134582121e-05","0.0","3.297718784284661e-05","-0.0010930347347679243","0.0001433429251549804","0.0003078535422565596","0.0008675131016811287","0.0","0.0","0.0","-0.0016156759009859042","0.0","0.0","-0.00842272376978026"
"0.017897456968096383","0.002989221809247064","-0.03220691387500164","-0.006378072931347454","-0.018949749734268564","-0.013499016015979536","0.011729236857310131","0.011508714152337082","0.0001598974171536251","-0.013780371219970004","0.043482725331835725","0.6446774772111579","0.00014660823427850486","-0.0005283256976692592","0.0","7.887748230558193e-05","0.004822667226367987","-0.00021980114835196222","0.0025591204926624016","0.0","0.0","0.0","0.0","-0.001401959124002151","0.0","0.0","0.0"
"0.0011734483402574111","0.009484594435064745","0.04211423891545755","0.018964173040274646","0.00947390496013083","0.0016157733988506813","0.015564257485025748","0.041375493531707","0.014525848645881604","-0.014837030084924636","0.04938667272987602","0.385055226206962","1.8677445183016652e-05","1.11912170971414e-05","0.0","1.617104482854829e-06","-0.0006689758742803623","0.00023767095918949174","0.0001294437041076337","0.0","0.0","0.0","0.0","9.957484872689475e-05","0.0","0.0","-0.0016315855118068212"
"0.0028819390567742143","0.013897028870599565","0.005018691221053032","0.07397418408399578","-0.001299736058132971","0.007685486898724764","0.010712709463104386","0.04016760653080512","-0.009580882854234826","0.009732130548104475","0.12188320655056598","0.2677097133152971","-1.765385549287457e-05","6.134090788954549e-05","0.0","4.0582439245184786e-05","0.0005205703412045589","-1.980079428820965e-05","0.00012910612979127878","-1.3681577637873292e-05","0.0","0.0","0.0","-0.00101024298743592","0.0","0.0","-0.0022998307727065143"
"0.009132791014884737","0.006843561768014812","-0.03261790783428303","0.0056055959857915045","0.026443560961498153","0.004154346833827099","0.008885947888871485","0.018796069046778156","0.02007554279584529","-0.004323954808070635","0.13226641623001462","0.35494441762447526","0.0004160107834843579","0.00013970973609004345","0.0","0.0","0.011435228976595716","0.0004618860758758549","0.0002515981758101415","-0.00013769655355851858","0.0","0.0","0.0","-0.0006025399423104344","3.472505542905698e-05","0.0","0.0"
"0.046950306036218185","-0.0016209126618741557","0.1358886029835683","-0.003288874648882728","0.04587480872433633","-0.06753782896480832","-0.00377467597523304","-0.007639845014260584","0.03696934909401528","0.025206994322307805","-0.05927309834396517","0.39691220161023233","0.00018150251135863976","8.113445849085021e-05","0.0","3.6052177897594183e-06","-0.03242343111489679","8.61165698180936e-05","5.953495036700636e-05","0.0","0.0","0.0","0.0","0.00020019261011465506","-9.812824344238395e-05","0.0","0.002369414226624057"
"0.021891356543369624","-0.0048796210134437225","0.04819968953991675","0.0008520218926189436","0.046233513692897195","0.015587363994994037","0.0276060116265897","0.11989607273282926","0.011562497410963268","0.005789216355413231","0.15828181459673743","0.1958466283131869","-2.0128096866925405e-05","3.777809119329493e-05","0.0","3.4937727853207034e-06","-2.293108952223603e-06","4.4725776507746154e-05","2.0929610685884354e-06","-4.797867151389486e-06","0.0","0.0","0.0","-9.502764552227667e-05","0.000445858920747975","0.0","0.001546046784866434"
"0.041464300470523935","0.013643439664991226","-0.07194647077021811","-0.03993856252349775","-0.04414425908915172","-0.008351576907844483","0.012206462264773916","0.00698496497155931","0.044076066498180536","0.0211840688939019","0.02184933758546747","0.41090497802478676","0.00027130510914048317","-0.0001487198806033522","0.0","-0.00026067061538583475","0.00032822568654260014","-8.123956582951434e-06","0.0024178650365461814","0.0002163852557154224","0.0","0.0","0.0","0.00044144021970990617","0.0013621432163806355","0.0","0.0"
"0.050699990032108476","-0.013139987027481538","0.07563528716485134","-0.00047152766745494994","-0.011212170000829521","-0.020491501092529413","-0.04278836317646526","-0.03620644029541997","0.024596603414262206","-0.03205885987837489","0.06161633806748808","0.3178293896697504","3.356133321577951e-05","2.4113866013183068e-05","0.0","-7.116241798687158e-05","0.005275933119263574","0.0004694368128819395","0.0","0.004525768778236464","0.0","0.0","0.0","-0.001050806702100629","8.749961486535599e-05","0.0","0.0028357600481299953"
"0.06414495059732461","0.00853271881274636","0.0074023172772385215","-0.014871225414072937","-0.005360590060602263","-0.008306588076256323","0.011336649502842622","0.0062978719706878765","0.021831874780427554","-0.027877468481135235","0.08847333111798923","0.3671404049701517","-0.00022607816837574753","-9.981581984410311e-06","0.0","3.129166241147841e-05","0.012915147442848312","1.0195679352490808e-05","-0.0006204543627387306","-5.026523732712211e-05","0.0","0.0","0.0","0.0005273272680702258","0.0","0.0","0.0"
"0.08699834454753286","0.01335809080980948","0.5599791931884306","0.00946436834244842","0.03078112946650437","0.0005624139376121903","0.010508951984599998","0.011183473741191467","0.020054680717753286","0.02117862138138995","-0.002809656442845766","0.3140051138901222","-0.0006533115810148306","0.0008820260062054626","0.0","0.000381694083477623","-0.000835760061151176","0.0017060658601824254","0.0","0.0003493901697405849","0.0","0.0","0.0","0.005490510064528372","0.0","0.0","0.0"
"0.018869085409070598","0.0050056278857821875","0.08162911069572366","0.005995058825196695","0.029128415881204798","0.005900149252371507","0.013362229441560824","0.08225255240655827","0.0017005436025004947","0.012653736702458292","0.08153762943952687","0.40703765552191923","6.522852527138523e-05","9.078611669530446e-05","0.0","-1.017162993690035e-05","0.0007108524590735003","-3.0855795616573554e-05","0.0007077813216833003","0.0010026013799293465","0.0","0.0","0.0","0.000308092924315892","0.0","0.0","0.0"
"0.10606020030845238","0.021656269209754553","0.12179383672381114","0.025550513772820825","-0.017092883691872552","0.013403970191129306","0.02519572355021343","0.01854983729555469","0.029366831542058835","0.0019477742083037237","0.03207212834793272","0.423272038185519","0.0","0.00024976032856982024","0.0","-0.00023517439111398383","-0.0009917112593959064","-0.0003306278680327216","0.0","0.003166484354884346","0.0","0.0","0.0","0.00019296457249348513","3.732376528022182e-05","0.0","-0.0004476990214493261"
